store_desc,store_desc1,address,coor_x,coor_y
北京市怀柔区海底捞火锅(京北大世界店),北京市怀柔区海底捞火锅(京北大世界店),北京市怀柔区府前街14号京北大世界F5,116.638896,40.321297
北京市密云区海底捞火锅(密云万象汇店),北京市密云区海底捞火锅(密云万象汇店),北京市密云区滨河路178号密云华润万象汇F4,116.840965,40.360557
北京市延庆区海底捞火锅(延庆万达店),北京市延庆区海底捞火锅(延庆万达店),北京市延庆区庆园街59号万达广场4层-次主1号,115.990997,40.479046
北京市大兴区海底捞火锅(龙湖大兴天街店),北京市大兴区海底捞火锅(龙湖大兴天街店),北京市大兴区生物医药基地地铁站时代龙湖天街购物中心F4,116.326798,39.692635
北京市大兴区海底捞火锅(住总万科广场店),北京市大兴区海底捞火锅(住总万科广场店),北京市大兴区忠凉路1号住总万科广场4层L4013号,116.466008,39.8114
北京市大兴区海底捞火锅(天宫院店),北京市大兴区海底捞火锅(天宫院店),北京市大兴区华佗路2号凯德Mall天宫院L4-01A号,116.325589,39.678294
北京市大兴区海底捞火锅(大悦春风里店),北京市大兴区海底捞火锅(大悦春风里店),北京市大兴区黄村镇黄村东大街38号院大兴大悦春风里F7,116.348892,39.736394
北京市大兴区海底捞(世界之花假日广场店),北京市大兴区海底捞(世界之花假日广场店),北京市大兴区久敬庄路,116.428494,39.824865
北京市大兴区海底捞火锅(绿地缤纷城店),北京市大兴区海底捞火锅(绿地缤纷城店),北京市大兴区金星西路3号院3号楼绿地缤纷城东岸3层328室商铺4层06号室商铺,116.340731,39.76985
北京市大兴区海底捞火锅(荟聚中心店),北京市大兴区海底捞火锅(荟聚中心店),北京市大兴区西红门镇欣宁街荟聚中心3层G区,116.332642,39.793261
北京市丰台区海底捞火锅(公益西桥店),北京市丰台区海底捞火锅(公益西桥店),北京市丰台区南四环中路城南嘉园14号北京华联公益西桥购物中心F4,116.37528,39.840326
北京市丰台区海底捞火锅(大红门银泰店),北京市丰台区海底捞火锅(大红门银泰店),北京市丰台区马家堡东路101号院10号楼银泰百货B1,116.391944,39.85098
北京市丰台区海底捞火锅(永旺梦乐城店),北京市丰台区海底捞火锅(永旺梦乐城店),北京市丰台区丰葆路88号院1号楼永旺梦乐城F4,116.297506,39.823429
北京市房山区海底捞火锅(房山天街店),北京市房山区海底捞火锅(房山天街店),北京市房山区拱辰北大街与管委路交叉口西南角龙湖北京房山天街F6,116.147136,39.751717
北京市通州区海底捞火锅(天和嘉园店),北京市通州区海底捞火锅(天和嘉园店),北京市通州区天和嘉园商场4层401室,116.548686,39.758692
北京市大兴区海底捞火锅(亦庄华联店),北京市大兴区海底捞火锅(亦庄华联店),北京市大兴区荣华中路8号BHG Mall北京华联亦庄购物中心F3,116.507753,39.810844
北京市平谷区海底捞火锅(平谷华联店),北京市平谷区海底捞火锅(平谷华联店),北京市平谷区迎宾街1号院22号楼华联购物中心4层F4-05号商铺,117.100745,40.152209
北京市石景山区海底捞火锅(喜隆多XIRONDO PLAZA店),北京市石景山区海底捞火锅(喜隆多XIRONDO PLAZA店),北京市石景山区阜石路300号喜隆多Xirondo PlazaF5,116.179111,39.928809
北京市门头沟区海底捞火锅(Plus365购物中心店),北京市门头沟区海底捞火锅(Plus365购物中心店),北京市门头沟区冯石环路6号Plus365购物中心F2,116.117486,39.916884
北京市昌平区海底捞火锅(天通苑华联店),北京市昌平区海底捞火锅(天通苑华联店),北京市昌平区立汤路天通中苑F区华联天通苑购物中心四层,116.420649,40.076692
北京市昌平区海底捞火锅(回龙观店),北京市昌平区海底捞火锅(回龙观店),北京市昌平区回龙观西大街111号北京华联回龙观购物中心三层12号,116.326776,40.082834
北京市海淀区海底捞火锅(中关村壹号店),北京市海淀区海底捞火锅(中关村壹号店),北京市海淀区北京市海淀区西北旺镇北清路中关村壹号A3栋二层,116.253257,40.082158
北京市昌平区海底捞火锅(昌平路劲世界城店),北京市昌平区海底捞火锅(昌平路劲世界城店),北京市昌平区南环南路路劲世界广场F4,116.298366,40.213378
北京市朝阳区海底捞火锅(劲松店),北京市朝阳区海底捞火锅(劲松店),北京市朝阳区南磨房路29号旭捷大厦1~3层,116.479626,39.890487
北京市朝阳区海底捞火锅(合生汇店),北京市朝阳区海底捞火锅(合生汇店),北京市朝阳区西大望路甲22号院1号楼合生汇购物中心B2层,116.488377,39.900084
北京市朝阳区海底捞火锅(十里堡店),北京市朝阳区海底捞火锅(十里堡店),北京市朝阳区朝阳路十里堡甲3号院甲1号楼万科时代中心·十里F1,116.508551,39.921576
北京市朝阳区海底捞火锅(青年路店),北京市朝阳区海底捞火锅(青年路店),北京市朝阳区青年路西里1号院2号楼1层105~107号,116.522839,39.941878
北京市朝阳区海底捞火锅(望京新世界店),北京市朝阳区海底捞火锅(望京新世界店),北京市朝阳区北京市朝阳区广顺南大街16号新世界百货F4,116.486213,39.993024
北京市朝阳区海底捞火锅(朝阳北路店),北京市朝阳区海底捞火锅(朝阳北路店),北京市朝阳区朝阳北路56号通厦康达广场1层,116.558125,39.92933
北京市朝阳区海底捞火锅(金隅嘉品MALL店),北京市朝阳区海底捞火锅(金隅嘉品MALL店),北京市朝阳区东坝中路38号金隅嘉品MallF4,116.554224,39.957971
北京市朝阳区海底捞火锅(常营华联店),北京市朝阳区海底捞火锅(常营华联店),北京市朝阳区朝阳北路17号BHG Mall北京华联常营购物中心3层,116.602839,39.932147
北京市通州区海底捞火锅(通州华联店),北京市通州区海底捞火锅(通州华联店),北京市通州区京塘路杨庄北里52号BHGMall北京华联天时名苑购物中心B1北京华联天时名苑购物中心B1BHG Mall北京华联天时名苑购物中心F2,116.642428,39.910367
北京市通州区海底捞(领展·京通店),北京市通州区海底捞(领展·京通店),北京市通州区梨园镇九棵树中街9号领展购物广场4层,116.665431,39.894964
北京市顺义区海底捞火锅(中粮.祥云小镇店),北京市顺义区海底捞火锅(中粮.祥云小镇店),北京市顺义区安泰大街9号中粮·祥云小镇9号楼4层402室,116.542506,40.095529
北京市顺义区海底捞火锅(聚乐汇店),北京市顺义区海底捞火锅(聚乐汇店),北京市顺义区石门街甲6号院1号楼聚乐汇5层501室,116.646781,40.135708
北京市顺义区海底捞火锅(顺义华联店),北京市顺义区海底捞火锅(顺义华联店),北京市顺义区新顺南大街8号华联商厦F5,116.658879,40.134069
北京市西城区海底捞火锅(新年华购物中心店),北京市西城区海底捞火锅(新年华购物中心店),北京市西城区马连道路25号新年华购物中心F5,116.332739,39.883166
北京市海淀区海底捞火锅(翠微路店),北京市海淀区海底捞火锅(翠微路店),北京市海淀区翠微路12号印象城购物中心4层,116.310287,39.918354
北京市丰台区海底捞火锅(银座和谐广场店),北京市丰台区海底捞火锅(银座和谐广场店),北京市丰台区万丰路68号院银座和谐广场F6,116.30297,39.888468
北京市海淀区海底捞火锅(紫竹桥店),北京市海淀区海底捞火锅(紫竹桥店),北京市海淀区北洼路4号1区4楼,116.311429,39.950789
北京市丰台区海底捞火锅(万丰桥店),北京市丰台区海底捞火锅(万丰桥店),北京市丰台区丰台北路36号c区一层,116.303567,39.872072
北京市丰台区海底捞火锅(大成路店),北京市丰台区海底捞火锅(大成路店),北京市丰台区大成路8号翠微百货5楼13号商铺,116.271764,39.894295
北京市石景山区海底捞火锅(石景山万达店),北京市石景山区海底捞火锅(石景山万达店),北京市石景山区石景山路乙18号万达广场F4,116.231064,39.911754
北京市海淀区海底捞火锅(枫蓝国际购物中心店)(装修中),北京市海淀区海底捞火锅(枫蓝国际购物中心店)(装修中),北京市海淀区西直门北大街32号枫蓝国际购物中心B座3层,116.363916,39.958432
北京市朝阳区海底捞火锅(太阳宫凯德mall店),北京市朝阳区海底捞火锅(太阳宫凯德mall店),北京市朝阳区太阳宫中路12号凯德MALLB1,116.45449,39.977417
北京市海淀区海底捞火锅(牡丹园店),北京市海淀区海底捞火锅(牡丹园店),北京市海淀区花园东路2号,116.374949,39.98494
北京市朝阳区海底捞火锅(新辰里店),北京市朝阳区海底捞火锅(新辰里店),北京市朝阳区北辰东路8号院新辰里购物中心4楼,116.41303,39.998099
北京市朝阳区海底捞火锅(远洋未来广场店),北京市朝阳区海底捞火锅(远洋未来广场店),北京市朝阳区北四环东路73号远洋未来广场购物中心F5,116.439132,39.996595
北京市朝阳区海底捞火锅(国奥村店),北京市朝阳区海底捞火锅(国奥村店),北京市朝阳区林萃东路2号院国奥中心东区a座3层,116.387671,40.015899
北京市海淀区海底捞火锅外送学院路,北京市海淀区海底捞火锅外送学院路,北京市海淀区学清路甲8号,116.362132,40.014504
北京市朝阳区海底捞火锅(望京华彩店),北京市朝阳区海底捞火锅(望京华彩店),北京市朝阳区广顺北大街16号院3号楼望京华彩商业中心2层02号,116.474783,40.01629
北京市朝阳区海底捞火锅(奥森店),北京市朝阳区海底捞火锅(奥森店),NA,NA,NA
北京市朝阳区海底捞火锅(华贸天地店),北京市朝阳区海底捞火锅(华贸天地店),北京市朝阳区清河营南街七号院华贸天地2层,116.439293,40.052555
北京市海淀区海底捞火锅(悦茂购物中心店),北京市海淀区海底捞火锅(悦茂购物中心店),北京市海淀区后屯路(文龙家园四里4号楼)悦茂购物中心F3,116.356045,40.049198
北京市海淀区海底捞火锅(华联万柳购物中心店),北京市海淀区海底捞火锅(华联万柳购物中心店),北京市海淀区巴沟路2号BHG Mall北京华联万柳购物中心F5,116.301241,39.979886
北京市海淀区海底捞火锅(世纪金源店),北京市海淀区海底捞火锅(世纪金源店),北京市海淀区远大路1号世纪金源购物中心F5,116.291999,39.964714
北京市海淀区海底捞火锅(清河万象汇店),北京市海淀区海底捞火锅(清河万象汇店),北京市海淀区清河中街66号北京清河万象汇F6,116.342945,40.035566
北京市海淀区海底捞火锅(上地店),北京市海淀区海底捞火锅(上地店),北京市海淀区农大南路1号院1号楼上地华联中心4层,116.318147,40.034925
北京市海淀区海底捞火锅(中发百旺商城店),北京市海淀区海底捞火锅(中发百旺商城店),北京市海淀区圆明园西路18-15号百旺商城四层,116.283146,40.035345
北京市丰台区海底捞火锅(西铁营万达店),北京市丰台区海底捞火锅(西铁营万达店),北京市丰台区西铁营中路1号院1号楼5F5022号,116.36238,39.866426
北京市东城区海底捞火锅(崇文门新世界百货店),北京市东城区海底捞火锅(崇文门新世界百货店),北京市东城区崇文门外大街3-5号新世界百货综合馆5层,116.424117,39.9039
北京市丰台区海底捞火锅(方庄分店),北京市丰台区海底捞火锅(方庄分店),北京市丰台区蒲方路26号,116.434216,39.871608
北京市朝阳区海底捞火锅(富力广场店),北京市朝阳区海底捞火锅(富力广场店),北京市朝阳区东三环中路65号北京富力广场购物中心F4,116.467073,39.902161
北京市东城区海底捞火锅(王府井银泰in88店),北京市东城区海底捞火锅(王府井银泰in88店),北京市东城区王府井大街88号王府井银泰in88商场三层北侧311号,116.418036,39.922861
北京市东城区海底捞火锅(王府井丹耀店),北京市东城区海底捞火锅(王府井丹耀店),北京市东城区王府井大街176号丹耀大厦三层,116.417961,39.918823
北京市朝阳区海底捞火锅(悠唐店),北京市朝阳区海底捞火锅(悠唐店),北京市朝阳区丰路悠唐购物中心5层501内509号,116.446916,39.927204
北京市朝阳区海底捞火锅(中骏世界城店),北京市朝阳区海底捞火锅(中骏世界城店),北京市朝阳区金汇路6~9号楼中骏世界城E座负一层B1~04号,116.458492,39.923799
北京市朝阳区海底捞火锅(三里屯店),北京市朝阳区海底捞火锅(三里屯店),北京市朝阳区三里屯工体北路8号院5号楼1层,116.459867,39.936942
北京市朝阳区海底捞火锅(太古里3.3店),北京市朝阳区海底捞火锅(太古里3.3店),北京市朝阳区三里屯路33号3·3大厦北区3层3006号商铺,116.461295,39.942532
北京市西城区海底捞火锅(西单店),北京市西城区海底捞火锅(西单店),北京市西城区西单北大街109号西单婚庆大楼7层,116.379509,39.919996
北京市西城区海底捞火锅(西直门凯德MALL),北京市西城区海底捞火锅(西直门凯德MALL),北京市西城区西直门外大街1号凯德MALLF6,116.359332,39.946889
广州市从化区海底捞火锅(欣荣广场店),广州市从化区海底捞火锅(欣荣广场店),广东省广州市从化区江埔街从城大道113号201铺,113.595285,23.539037
广州市增城区海底捞火锅(东汇城店),广州市增城区海底捞火锅(东汇城店),广东省广州市增城区荔城街道观翠路21号东汇城1-2楼,113.825378,23.290905
广州市白云区海底捞火锅(嘉禾金铂天地店),广州市白云区海底捞火锅(嘉禾金铂天地店),广东省广州市白云区鹤龙二路85号金铂天地四层423a商铺,113.28777,23.245294
广州市白云区海底捞火锅(悦和方店),广州市白云区海底捞火锅(悦和方店),广州市白云区太和镇龙悦新街156号悦和方广场四层05~06-17号,113.328723,23.282581
广州市花都区海底捞火锅(茶园路店),广州市花都区海底捞火锅(茶园路店),广东省广州市花都区茶园路15号3层3A001号商铺,113.220856,23.398325
广州市花都区海底捞火锅(星光PLUS店),广州市花都区海底捞火锅(星光PLUS店),广东省广州市花都区建设北路72号星光plusa16楼,113.21107,23.391865
广州市花都区海底捞火锅(雅悦城店),广州市花都区海底捞火锅(雅悦城店),广东省广州市花都区秀全街道锦城社区永发路14号花都雅乐城F5,113.196469,23.429337
广州市荔湾区海底捞火锅(荔胜广场店),广州市荔湾区海底捞火锅(荔胜广场店),广州市荔湾区花地大道中66号广百广场F6,113.239816,23.084715
广州市白云区海底捞火锅(金沙洲永旺店),广州市白云区海底捞火锅(金沙洲永旺店),广东省广州市白云区沙凤三路1号之1~2号4层434铺,113.20166,23.155723
广州市南沙区海底捞火锅(南沙万达店),广州市南沙区海底捞火锅(南沙万达店),广东省广州市南沙区南沙街道蕉门河社区双山大道3号万达广场F3,113.53779,22.80039
广州市增城区海底捞火锅(金海岸城市广场店),广州市增城区海底捞火锅(金海岸城市广场店),广州市增城区港口大道332号金海岸城市广场F4,113.609288,23.133668
广州市增城区海底捞火锅(新塘万达店),广州市增城区海底捞火锅(新塘万达店),广东省广州市增城区新塘镇顺欣社区新福路9号万达广场F4,113.62476,23.15779
广州市黄埔区海底捞火锅(南岗万达店),广州市黄埔区海底捞火锅(南岗万达店),广东省广州市黄埔区南岗街道康南社区康富路16号万达广场F4,113.556996,23.105294
广州市番禺区海底捞火锅(番禺建华汇店),广州市番禺区海底捞火锅(番禺建华汇店),广东省广州市番禺区建华路11号建华汇商业中心2层210铺,113.322836,23.030696
广州市番禺区海底捞火锅(奥园国际中心),广州市番禺区海底捞火锅(奥园国际中心),北京市朝阳区林萃东路2号院国奥中心东区a座3层,116.387671,40.015899
广州市番禺区海底捞火锅(雄峰城店),广州市番禺区海底捞火锅(雄峰城店),广东省广州市番禺区钟村镇105国道雄峰城F1雄峰城F1,113.30941,22.977524
广州市番禺区海底捞火锅(祈福俱乐部店),广州市番禺区海底捞火锅(祈福俱乐部店),广东省广州市番禺区福华路35号祈福新村度假俱乐部2楼201号铺,113.341412,22.976187
广州市番禺区海底捞火锅(奥园广场店),广州市番禺区海底捞火锅(奥园广场店),广东省广州市番禺区福德路281号奥园广场F4,113.364137,22.930434
广州市番禺区海底捞火锅(番禺广场店),广州市番禺区海底捞火锅(番禺广场店),广东省广州市番禺区兴泰路基盛万科中央公园A区1-05、A2-02~03号商铺,113.392082,22.938103
广州市海珠区海底捞火锅(广州琶洲店),广州市海珠区海底捞火锅(广州琶洲店),广东省广州市海珠区新港东路1088号六元素体验天地F5,113.378435,23.102375
广州市海珠区海底捞火锅(琶洲万胜围店),广州市海珠区海底捞火锅(琶洲万胜围店),广东省广州市海珠区新港东路1222号万胜广场6楼601室,113.388887,23.103162
广州市天河区海底捞火锅(吉满家商业广场店),广州市天河区海底捞火锅(吉满家商业广场店),广东省广州市天河区东圃陂东路11号吉满家商业广场三楼309号,113.406112,23.123214
广州市天河区海底捞火锅(奥体南路店),广州市天河区海底捞火锅(奥体南路店),广州市天河区奥体南路12号优托邦商场北门2楼,113.423307,23.138148
广州市天河区海底捞火锅(漫广场店),广州市天河区海底捞火锅(漫广场店),广东省广州市天河区中山大道中1242号漫广场L4-120房,113.431556,23.118374
广州市黄埔区海底捞火锅(惠润广场店),广州市黄埔区海底捞火锅(惠润广场店),黄埔东路298号惠润广场F1,113.463381,23.105589
广州市黄埔区海底捞火锅(萝岗万达店),广州市黄埔区海底捞火锅(萝岗万达店),广州市黄埔区联和街道暹岗社区科丰路89号万达广场F3,113.473082,23.175179
广州市黄埔区海底捞火锅(萝岗奥园店),广州市黄埔区海底捞火锅(萝岗奥园店),广东省广州市黄埔区开创大道1934号萝岗奥园广场2楼,113.504505,23.17997
深圳市宝安区海底捞火锅(海雅缤纷商业中心分店),深圳市宝安区海底捞火锅(海雅缤纷商业中心分店),广东省深圳市宝安区新安街道建安一路99号海雅缤纷城4层416号商铺,113.912163,22.566998
深圳市宝安区海底捞火锅(壹方城店),深圳市宝安区海底捞火锅(壹方城店),广东省深圳市宝安区新安街道新安湖社区新湖路99号深圳前海壹方城F5,113.894615,22.5587
深圳市宝安区海底捞火锅(时代城店),深圳市宝安区海底捞火锅(时代城店),广东省深圳市宝安区海城路与宝源路交叉口时代城5楼,113.874583,22.572656
深圳市宝安区海底捞火锅(同泰时代广场店),深圳市宝安区海底捞火锅(同泰时代广场店),广东省深圳市宝安区福海街道桥头社区宝安大道6259号同泰时代广场F4,113.811159,22.684855
深圳市光明区海底捞火锅(光明大仟里店),深圳市光明区海底捞火锅(光明大仟里店),深圳市光明区松白路4699号大仟里四层L422~423号,113.900051,22.782059
深圳市宝安区海底捞火锅(松岗百佳华店),深圳市宝安区海底捞火锅(松岗百佳华店),广东省深圳市宝安区松岗街道广深路293号百佳华商场4楼401室,113.853794,22.774007
深圳市宝安区海底捞火锅(沙井京基百纳店),深圳市宝安区海底捞火锅(沙井京基百纳店),广东省深圳市宝安区沙井街道沙头社区沙井路168号京基百纳广场F6,113.81227,22.734436
深圳市宝安区海底捞火锅(新沙天虹店),深圳市宝安区海底捞火锅(新沙天虹店),广东省深圳市宝安区沙井街道东塘社区沙井西环路2105号天虹购物中心F7,113.80679,22.736634
广州市越秀区海底捞火锅(北京路店),广州市越秀区海底捞火锅(北京路店),广东省广州市越秀区中山四路395号5楼501、502、503、505号,113.275924,23.131469
广州市荔湾区海底捞火锅(恒宝广场店),广州市荔湾区海底捞火锅(恒宝广场店),广州市荔湾区宝华路133号恒宝广场2层14~15商铺,113.247817,23.122592
广州市海珠区海底捞火锅(富力海珠城店),广州市海珠区海底捞火锅(富力海珠城店),广州市海珠区江南大道中180号富力海珠城B区7层,113.280663,23.10163
广州市海珠区海底捞火锅(江燕万科里店),广州市海珠区海底捞火锅(江燕万科里店),广东省广州市海珠区江燕路97号万科里购物中心3楼302号铺,113.285274,23.089033
广州市海珠区海底捞火锅(珠影星光城店),广州市海珠区海底捞火锅(珠影星光城店),广州市海珠区新港中路354号珠影·星光城F2,113.32802,23.100099
广州市天河区海底捞火锅(颐高数码广场店),广州市天河区海底捞火锅(颐高数码广场店),广东省广州市天河区天河路490号壬丰大厦颐高数码广场四层1号商铺,113.341615,23.138506
广州市海珠区海底捞火锅(海珠万达广场店),广州市海珠区海底捞火锅(海珠万达广场店),广东省广州市海珠区凤阳街道逸景路238号万达广场F5,113.320662,23.08927
广州市天河区海底捞火锅(天河太阳新天地店),广州市天河区海底捞火锅(天河太阳新天地店),广东省广州市天河区马场路36号太阳新天地商场801房,113.350368,23.129519
广州市天河区海底捞(佳兆业广场店),广州市天河区海底捞(佳兆业广场店),广东省广州市天河区体育西路191号中石化大厦4楼,113.327154,23.145982
广州市天河区海底捞火锅(广州东站店),广州市天河区海底捞火锅(广州东站店),广东省广州市天河区林和西路中泰广场6楼633号,113.329265,23.155646
广州市白云区海底捞火锅(嘉裕太阳城店),广州市白云区海底捞火锅(嘉裕太阳城店),广州市白云区广州大道北1811号嘉裕太阳城广场F3,113.332037,23.193789
广州市越秀区海底捞火锅(流花展贸中心店),广州市越秀区海底捞火锅(流花展贸中心店),广东省广州市越秀区流花路117号流花展贸中心3号馆1楼3-1-A002(S),113.265325,23.147312
广州市白云区海底捞火锅(机场路店),广州市白云区海底捞火锅(机场路店),广东省广州市白云区机场路1399号广州百信广场二期-A区F1广州百信广场F3,113.268564,23.200623
广州市白云区海底捞火锅(白云汇店),广州市白云区海底捞火锅(白云汇店),广东省广州市白云区黄石东路88号白云汇广场F4,113.275863,23.209192
深圳市南山区海底捞火锅(方大城店),深圳市南山区海底捞火锅(方大城店),深圳市南山区北环大道方大城一期2号研发楼二层L210~215号商铺,113.979491,22.561891
深圳市南山区海底捞火锅(南山京基百纳店),深圳市南山区海底捞火锅(南山京基百纳店),广东省深圳市南山区白石路2168号南山京基百纳广场F3层,113.975231,22.537518
深圳市南山区海底捞火锅(益田假日里店),深圳市南山区海底捞火锅(益田假日里店),广东省深圳市南山区留仙大道(众冠时代广场)益田假日里购物中心F5,113.969994,22.588481
深圳市南山区海底捞火锅(南山茂业店),深圳市南山区海底捞火锅(南山茂业店),南山区海德二道288号茂业·时代广场F8,113.936898,22.52559
深圳市福田区海底捞火锅(马成时代广场店),深圳市福田区海底捞火锅(马成时代广场店),广东省深圳市福田区福保街道新港社区石厦北二街89号马成时代广场F3,114.05966,22.526049
深圳市福田区海底捞火锅(京基KKONE购物中心店),深圳市福田区海底捞火锅(京基KKONE购物中心店),广东省深圳市福田区滨河大道9289号KK ONE购物中心F2,114.033941,22.533516
深圳市龙华区海底捞火锅(上河坊店),深圳市龙华区海底捞火锅(上河坊店),广东省深圳市龙华区民治街道民塘路书香门第上河坊广场一层1158-1161、1163B商铺,114.054213,22.602748
深圳市南山区海底捞火锅(塘朗城店),深圳市南山区海底捞火锅(塘朗城店),广东省深圳市南山区留仙大道福光社区塘朗车辆段旁塘朗城广场(西区)A座、B座、C座商业514、515(L2层),114.007182,22.595781
深圳市龙华区海底捞火锅(8号仓店),深圳市龙华区海底捞火锅(8号仓店),深圳市龙华区民治街道民新社区民康路1号8号仓奥特莱斯F2,114.061756,22.624575
深圳市龙岗区海底捞火锅(佳华领汇店),深圳市龙岗区海底捞火锅(佳华领汇店),广东省深圳市龙岗区坂田街道吉华路635号6层lh6f-03号商铺,114.065946,22.638639
深圳市龙华区海底捞火锅(星河iCO店),深圳市龙华区海底捞火锅(星河iCO店),深圳市龙华区龙华街道东环二路8号星河iCOF2,114.043021,22.662033
深圳市宝安区海底捞火锅(石岩星城店),深圳市宝安区海底捞火锅(石岩星城店),广东省深圳市宝安区石岩街道官田社区宝石东路209号星城购物中心F4,113.954965,22.685583
上海市杨浦区海底捞火锅(紫荆广场店),上海市杨浦区海底捞火锅(紫荆广场店),上海市杨浦区控江路1628号紫荆广场F7,121.523264,31.280863
上海市杨浦区海底捞火锅(五角场万达店),上海市杨浦区海底捞火锅(五角场万达店),上海市杨浦区淞沪路77号万达广场B1,121.519507,31.307587
上海市杨浦区海底捞火锅(民星路店),上海市杨浦区海底捞火锅(民星路店),上海市杨浦区民星路378号太平洋生活广场1楼,121.546049,31.318395
上海市浦东新区海底捞火锅(森兰商都店),上海市浦东新区海底捞火锅(森兰商都店),上海市浦东新区启帆路628号森兰商都四层404号商铺,121.598353,31.318289
上海市奉贤区海底捞火锅(南奉公路店),上海市奉贤区海底捞火锅(南奉公路店),上海市奉贤区南奉公路7500号苏宁广场六楼,121.495246,30.924131
上海市金山区海底捞火锅(金山百联店),上海市金山区海底捞火锅(金山百联店),上海市金山区卫清西路188号百联金山购物中心F1,121.353812,30.738987
上海市青浦区海底捞火锅(青浦宝龙店),上海市青浦区海底捞火锅(青浦宝龙店),上海市青浦区盈港东路7808/7826号宝龙广场2期4F层M-4F-005/006商铺,121.159853,31.168225
上海市浦东新区海底捞火锅(茉莉路店),上海市浦东新区海底捞火锅(茉莉路店),上海市浦东新区高科东路515弄恒生万鹂广场2号楼4层,121.659263,31.217619
上海市浦东新区海底捞火锅(临港宝龙广场店),上海市浦东新区海底捞火锅(临港宝龙广场店),上海市浦东新区鸿音路3155弄128号临港宝龙广场F3,121.822839,30.913189
上海市嘉定区海底捞火锅(三德广场店),上海市嘉定区海底捞火锅(三德广场店),上海市嘉定区墨玉南路1080号曼度泛乐城F4,121.170434,31.293519
上海市虹口区海底捞火锅(大柏树店),上海市虹口区海底捞火锅(大柏树店),上海市虹口区中山北一路1230号1幢A202室、A204室(提供停车3小时),121.495009,31.296588
上海市静安区海底捞火锅(静安大融城店),上海市静安区海底捞火锅(静安大融城店),上海市静安区沪太路1111弄静安大融城F3,121.435799,31.286545
上海市虹口区海底捞火锅(逸仙路店),上海市虹口区海底捞火锅(逸仙路店),上海市虹口区逸仙路580号华联吉买盛4楼,121.491118,31.30964
上海市静安区海底捞火锅(场中路店),上海市静安区海底捞火锅(场中路店),上海市静安区场中路2018号中建瑞贝庭3楼,121.458471,31.311419
上海市宝山区海底捞火锅(宝山万达店),上海市宝山区海底捞火锅(宝山万达店),上海市宝山区一二八纪念路968号万达广场B1,121.454633,31.330181
上海市宝山区海底捞火锅(宝山经纬汇店),上海市宝山区海底捞火锅(宝山经纬汇店),上海市宝山区经地路99弄经纬汇5号楼4层401,121.405261,31.329838
上海市宝山区海底捞火锅(正大乐城店),上海市宝山区海底捞火锅(正大乐城店),上海市宝山区陆翔路111号(7号线顾村公园站2号口)绿地·公园广场B2正大乐城F2,121.377944,31.350426
上海市嘉定区海底捞火锅(南翔太茂广场店),上海市嘉定区海底捞火锅(南翔太茂广场店),上海市嘉定区丰翔路3168号南翔太茂商业广场F3,121.331108,31.305504
上海市宝山区海底捞火锅(宝杨宝龙广场店),上海市宝山区海底捞火锅(宝杨宝龙广场店),宝山区同济路669号宝杨宝龙广场F3,121.487702,31.401312
上海市嘉定区海底捞火锅(中信泰富万达广场店),上海市嘉定区海底捞火锅(中信泰富万达广场店),上海市嘉定区胜辛路426号中信泰富万达广场F5,121.26149,31.337055
上海市宝山区海底捞火锅(罗店宝龙广场店),上海市宝山区海底捞火锅(罗店宝龙广场店),上海市宝山区杨南路2211号罗店宝龙广场F4,121.365464,31.394544
上海市嘉定区海底捞火锅(城北路店),上海市嘉定区海底捞火锅(城北路店),上海市嘉定区城北路358号日月光中心4层25~37号商铺,121.244845,31.396116
上海市崇明区海底捞火锅(崇明万达广场店),上海市崇明区海底捞火锅(崇明万达广场店),上海市崇明区城桥镇崇明大道8388号万达广场F3,121.423409,31.632977
上海市松江区海底捞火锅(五龙广场店),上海市松江区海底捞火锅(五龙广场店),上海市松江区光星路1399号五龙广场二层,121.247116,31.06234
上海市松江区海底捞火锅(新松江路店),上海市松江区海底捞火锅(新松江路店),上海市松江区新松江路1255弄1-10号东鼎购物中心F2,121.21815,31.044415
上海市松江区海底捞火锅(中山中路店),上海市松江区海底捞火锅(中山中路店),上海市松江区中山中路71号平高世贸中心5楼501-508号铺,121.241593,31.012464
上海市闵行区海底捞火锅(龙盛广场店),上海市闵行区海底捞火锅(龙盛广场店),上海市闵行区都市路3759号龙盛国际商业广场F3,121.405585,31.090439
上海市松江区海底捞火锅(莘松路店),上海市松江区海底捞火锅(莘松路店),上海市松江区莘松路1266号亚繁亚乐城F5,121.356437,31.103241
上海市闵行区海底捞火锅(满天星广场店),上海市闵行区海底捞火锅(满天星广场店),闵行区莲花南路3999号满天星广场1-2楼,121.450816,31.044754
上海市闵行区海底捞火锅(银春路店),上海市闵行区海底捞火锅(银春路店),上海市闵行区马桥镇银春路2282号5号楼2层203室,121.391647,31.030398
上海市嘉定区海底捞火锅(江桥万达店),上海市嘉定区海底捞火锅(江桥万达店),上海市嘉定区金沙江西路1051弄万达广场F4,121.331799,31.246782
上海市闵行区海底捞火锅(中骏广场店),上海市闵行区海底捞火锅(中骏广场店),上海市闵行区申长路1688弄中骏广场8-147号(申长路与申贵路交叉口),121.319599,31.21951
上海市青浦区海底捞火锅(嘉松中路元祖梦世界店),上海市青浦区海底捞火锅(嘉松中路元祖梦世界店),上海市青浦区嘉松中路6200号梦幻天空4楼B-006-009,121.231051,31.154297
上海市浦东新区海底捞火锅(周浦永乐店),上海市浦东新区海底捞火锅(周浦永乐店),上海市浦东新区上南路6717号领丰汇F4,121.566769,31.127288
上海市闵行区海底捞火锅(新田360店),上海市闵行区海底捞火锅(新田360店),上海市闵行区浦江镇陈行公路2699号商铺,121.509299,31.099235
上海市闵行区海底捞火锅(浦江万达店),上海市闵行区海底捞火锅(浦江万达店),上海市闵行区浦江镇永跃路360号万达广场F4,121.517959,31.032704
上海市浦东新区海底捞火锅(新环广场店),上海市浦东新区海底捞火锅(新环广场店),上海市浦东新区新环西路989号上海新环广场F3,121.644271,31.036212
上海市浦东新区海底捞火锅(高科东路店),上海市浦东新区海底捞火锅(高科东路店),上海市浦东新区高科东路515弄恒生万鹂广场2号楼4层,121.659263,31.217619
上海市浦东新区海底捞火锅(曹路宝龙店),上海市浦东新区海底捞火锅(曹路宝龙店),上海市浦东新区金海路2505弄曹路宝龙广场第4层M1-F4-401-3号,121.660479,31.272353
上海市浦东新区海底捞火锅(华夏东路店),上海市浦东新区海底捞火锅(华夏东路店),上海市浦东新区华夏东路2255号金汇商业广场F4,121.702042,31.20657
上海市闵行区海底捞火锅(吴中路店),上海市闵行区海底捞火锅(吴中路店),上海市闵行区吴中路1100号天弘商务楼1~2层,121.393009,31.18327
上海市闵行区海底捞火锅(爱琴海购物公园店),上海市闵行区海底捞火锅(爱琴海购物公园店),上海市闵行区虹井路120弄6号五层F520a~F521室,121.37959,31.181056
上海市闵行区海底捞火锅(漕宝路店),上海市闵行区海底捞火锅(漕宝路店),上海市闵行区漕宝路3299号宝龙城F1,121.360823,31.164026
上海市闵行区海底捞火锅(中庚漫游城店),上海市闵行区海底捞火锅(中庚漫游城店),上海市闵行区闵虹路8号(万源路与闵虹路交叉处)中庚漫游城F5,121.404251,31.137147
上海市徐汇区海底捞火锅(华山路店),上海市徐汇区海底捞火锅(华山路店),上海市徐汇区华山路2038号百联徐汇商业广场F5,121.443704,31.20365
上海市徐汇区海底捞火锅(光启城店),上海市徐汇区海底捞火锅(光启城店),上海市徐汇区宜山路455号光启城时尚购物中心F5,121.434713,31.190349
上海市长宁区海底捞火锅(虹桥南丰城店),上海市长宁区海底捞火锅(虹桥南丰城店),上海市长宁区天山路街道茅台社区遵义路100号虹桥南丰城F4,121.413916,31.213014
上海市普陀区海底捞火锅(118广场店),上海市普陀区海底捞火锅(118广场店),上海市普陀区金沙江路1685号118广场F3,121.384734,31.237923
上海市嘉定区海底捞火锅(曹安公路店),上海市嘉定区海底捞火锅(曹安公路店),上海市嘉定区曹安公路1688号盈嘉生活广场3层301-302室,121.37043,31.259838
上海市浦东新区海底捞火锅(东方懿德城店),上海市浦东新区海底捞火锅(东方懿德城店),上海市浦东新区懿行路603弄东方懿德城B座3层316~331号,121.51335,31.131892
上海市长宁区海底捞火锅(长宁路店),上海市长宁区海底捞火锅(长宁路店),上海市长宁区长宁路1018号龙之梦购物公园8楼8190号蓝中庭,121.423755,31.225365
上海市黄浦区海底捞火锅(魔都世茂广场店),上海市黄浦区海底捞火锅(魔都世茂广场店),上海市黄浦区南京东路世茂广场西区8楼803室,121.481923,31.240056
上海市黄浦区海底捞火锅(香港名都店),上海市黄浦区海底捞火锅(香港名都店),上海市黄浦区河南南路489号M2香港名都4楼401室,121.496542,31.22843
上海市黄浦区海底捞火锅(淮海路店),上海市黄浦区海底捞火锅(淮海路店),上海市黄浦区淮海中路918号百盛购物中心F8,121.466069,31.223694
上海市黄浦区海底捞火锅(打浦路店),上海市黄浦区海底捞火锅(打浦路店),上海市黄浦区打浦路1号金玉兰广场4楼(徐家汇路口),121.477515,31.211149
上海市黄浦区海底捞火锅(人民广场店),上海市黄浦区海底捞火锅(人民广场店),上海市黄浦区南京东路830号第一百货商店F5层,121.480901,31.241883
上海市黄浦区海底捞火锅(外滩店),上海市黄浦区海底捞火锅(外滩店),上海市黄浦区南京东路123号外滩中央长乐村5楼,121.494165,31.243954
上海市虹口区海底捞火锅(海宁路店),上海市虹口区海底捞火锅(海宁路店),上海市虹口区海宁路269号2楼,121.494139,31.256637
上海市静安区海底捞火锅(柳营路店),上海市静安区海底捞火锅(柳营路店),上海市静安区北京西路1068号3楼,121.461169,31.236634
上海市普陀区海底捞火锅(长寿路店),上海市普陀区海底捞火锅(长寿路店),上海市普陀区长寿路468号中环商务大厦四层,121.443204,31.246495
上海市普陀区海底捞火锅(大华店),上海市普陀区海底捞火锅(大华店),上海市普陀区大华一路239弄2号301室,121.421423,31.275119
上海市浦东新区海底捞火锅(览海国际店),上海市浦东新区海底捞火锅(览海国际店),上海市浦东新区世纪大道160号上海环球金融中心旁览海国际广场B2,121.515154,31.240605
上海市浦东新区海底捞火锅(巴黎春天浦建店),上海市浦东新区海底捞火锅(巴黎春天浦建店),上海市浦东新区浦建路118号巴黎春天F5,121.52646,31.21403
上海市杨浦区海底捞火锅(百联滨江店),上海市杨浦区海底捞火锅(百联滨江店),上海市杨浦区宁国路222号滨江百联购物中心3F,121.544071,31.271538
上海市浦东新区海底捞火锅(博山东路店),上海市浦东新区海底捞火锅(博山东路店),上海市浦东新区博山东路88号浦商百货4楼06-08号商铺,121.567154,31.254043
深圳市龙岗区海底捞火锅(志健时代广场店),深圳市龙岗区海底捞火锅(志健时代广场店),深圳市龙岗区茂盛路1号金沙摩尔F2,114.211799,22.652646
深圳市龙岗区海底捞火锅(龙岗星河时代店),深圳市龙岗区海底捞火锅(龙岗星河时代店),广东省深圳市龙岗区龙城街道爱联社区爱南路666号星河COCO ParkF5,114.235368,22.697295
深圳市龙岗区海底捞火锅(岁宝百货店),深圳市龙岗区海底捞火锅(岁宝百货店),广东省深圳市龙岗区龙城街道紫薇社区龙翔大道6045号岁宝Shirble plazaF3,114.243393,22.716944
深圳市龙岗区海底捞火锅(天玑城店),深圳市龙岗区海底捞火锅(天玑城店),广东省深圳市龙岗区龙岗大道6001号深圳天玑城F2,114.272762,22.73027
深圳市坪山区海底捞火锅(益田假日广场店),深圳市坪山区海底捞火锅(益田假日广场店),广东省深圳市坪山区坪山街道六联社区深汕路168号六和商业广场一期L2-33号,114.344965,22.698296
深圳市龙岗区海底捞火锅(天安云谷店),深圳市龙岗区海底捞火锅(天安云谷店),广东省深圳市龙岗区坂田街道居里夫人大道天安云谷产业园二期4栋201、202、301号,114.07543,22.666793
深圳市龙岗区海底捞火锅(麟恒广场店),深圳市龙岗区海底捞火锅(麟恒广场店),广东省深圳市龙岗区龙岗大道2999号麟恒中心广场二期二层208~209、213、233号商铺,114.191168,22.642291
深圳市龙岗区海底捞火锅(龙岗万达广场店),深圳市龙岗区海底捞火锅(龙岗万达广场店),广东省深圳市龙岗区平湖街道华南二道华南城4号交易广场万达广场F6,114.137409,22.680835
深圳市龙华区海底捞火锅(观澜湖新城店),深圳市龙华区海底捞火锅(观澜湖新城店),广东省深圳市龙华区观澜街道广培社区高尔夫大道8号观澜湖新城MH MALLF3,114.083183,22.728102
深圳市南山区海底捞火锅(太子广场店),深圳市南山区海底捞火锅(太子广场店),广东省深圳市南山区太子路4-36-37号太子广场二期4楼,113.920752,22.490178
深圳市南山区海底捞火锅(宝能太古城All city店),深圳市南山区海底捞火锅(宝能太古城All city店),深圳市南山区蛇口街道深圳湾社区中心路2233号宝能太古城北区NL309~301号,113.945561,22.507024
深圳市南山区海底捞火锅(南山京基百纳店),深圳市南山区海底捞火锅(南山京基百纳店),广东省深圳市南山区白石路2168号南山京基百纳广场F3层,113.975231,22.537518
深圳市福田区海底捞火锅(大中华店),深圳市福田区海底捞火锅(大中华店),广东省深圳市福田区福华三路卓越世纪中心四栋四楼L401、L402号,114.07143,22.537893
深圳市福田区海底捞火锅(卓越店),深圳市福田区海底捞火锅(卓越店),广东省深圳市福田区福华三路卓越世纪中心四栋四楼L401、L402号,114.07143,22.537893
深圳市福田区海底捞火锅(卓悦汇店),深圳市福田区海底捞火锅(卓悦汇店),广东省深圳市福田区中康路126号卓悦汇购物中心F2,114.067118,22.575089
深圳市罗湖区海底捞火锅(金光华店),深圳市罗湖区海底捞火锅(金光华店),广东省深圳市罗湖区南湖街道罗湖社区人民南路2028号金光华广场F6,114.127037,22.545908
深圳市罗湖区海底捞火锅(东门茂业店),深圳市罗湖区海底捞火锅(东门茂业店),广东省深圳市罗湖区东门街道东门社区东门中路2047号茂业百货F11,114.127644,22.553423
深圳市福田区海底捞火锅(华强北路店),深圳市福田区海底捞火锅(华强北路店),深圳市福田区华强北路2009号茂业百货F9,114.092491,22.551382
深圳市罗湖区海底捞火锅(水贝IBC店),深圳市罗湖区海底捞火锅(水贝IBC店),深圳市罗湖区东晓街道布心路3008号IBCMALL商场5层L7-10号,114.131132,22.580789
深圳市龙岗区海底捞火锅(丹竹头星悦天地店),深圳市龙岗区海底捞火锅(丹竹头星悦天地店),广东省深圳市龙岗区岭背路22-4号星悦天地时光里b1层,114.156313,22.625113
深圳市龙华区海底捞火锅(优城店),深圳市龙华区海底捞火锅(优城店),深圳市龙华区民治大道567号优城购物中心F4,114.043198,22.634065
